{
    "_name": "Test",
    "_brickHeight": 0.25,
    "_leftOffset": 0.10000000149011612,
    "_rightOffset": 0.10000000149011612,
    "_offsetBetweenRows": 0.10000000149011612,
    "_offsetBetweenCols": 0.10000000149011612
}